"Num","Title","Year","Runtime","Director","Writer","Metascore","imdbRating","imdbVotes","BoxOffice","Production","First Actor","Second Actor","Third Actor","Fourth Actor","Awards","Nominations","First Genre","Second Genre","Third Genre","First Language","Second Language","Third Language","First Country","Second Country","Third Country"
1,"The Shawshank Redemption",1994,142,"Frank Darabont","Stephen King ",80,9.3,1825626,NA,"Columbia Pictures","Tim Robbins","Morgan Freeman","Bob Gunton","William Sadler",19,37,"Crime","Drama",NA,"English",NA,NA,"USA",NA,NA
2,"The Godfather",1972,175,"Francis Ford Coppola","Mario Puzo ",100,9.2,1243444,NA,"Paramount Pictures","Marlon Brando","Al Pacino","James Caan","Richard S. Castellano",26,27,"Crime","Drama",NA,"English","Italian","Latin","USA",NA,NA
3,"The Godfather: Part II",1974,202,"Francis Ford Coppola","Francis Ford Coppola ",85,9,856870,NA,"Paramount Pictures","Al Pacino","Robert Duvall","Diane Keaton","Robert De Niro",16,20,"Crime","Drama",NA,"English","Italian","Spanish","USA",NA,NA
4,"The Dark Knight",2008,152,"Christopher Nolan","Jonathan Nolan ",82,9,1802351,533316061,"Warner Bros. Pictures/Legendary","Christian Bale","Heath Ledger","Aaron Eckhart","Michael Caine",153,153,"Action","Crime","Drama","English","Mandarin",NA,"USA","UK",NA
5,"12 Angry Men",1957,96,"Sidney Lumet","Reginald Rose ",96,8.9,494215,NA,"Criterion Collection","Martin Balsam","John Fiedler","Lee J. Cobb","E.G. Marshall",16,11,"Crime","Drama",NA,"English",NA,NA,"USA",NA,NA
6,"Schindler's List",1993,195,"Steven Spielberg","Thomas Keneally ",93,8.9,937837,NA,"Universal Pictures","Liam Neeson","Ben Kingsley","Ralph Fiennes","Caroline Goodall",78,33,"Biography","Drama","History","English","Hebrew","German","USA",NA,NA
7,"The Lord of the Rings: The Return of the King",2003,201,"Peter Jackson","J.R.R. Tolkien ",94,8.9,1304569,364000000,"New Line Cinema","Noel Appleby","Ali Astin","Sean Astin","David Aston",208,122,"Adventure","Drama","Fantasy","English","Quenya","Old English","USA","New Zealand",NA
8,"Pulp Fiction",1994,154,"Quentin Tarantino","Quentin Tarantino ",94,8.9,1427451,NA,"Miramax Films","Tim Roth","Amanda Plummer","Laura Lovelace","John Travolta",61,68,"Crime","Drama",NA,"English","Spanish","French","USA",NA,NA
9,"Fight Club",1999,139,"David Fincher","Chuck Palahniuk ",66,8.8,1458676,NA,"20th Century Fox","Edward Norton","Brad Pitt","Meat Loaf","Zach Grenier",10,32,"Drama",NA,NA,"English",NA,NA,"USA","Germany",NA
10,"The Lord of the Rings: The Fellowship of the Ring",2001,178,"Peter Jackson","J.R.R. Tolkien ",92,8.8,1326876,314000000,"New Line Cinema","Alan Howard","Noel Appleby","Sean Astin","Sala Baker",117,124,"Adventure","Drama","Fantasy","English","Sindarin",NA,"New Zealand","USA",NA
11,"Forrest Gump",1994,142,"Robert Zemeckis","Winston Groom ",82,8.8,1365937,405000,"Paramount Pictures","Tom Hanks","Rebecca Williams","Sally Field","Michael Conner Humphreys",45,66,"Comedy","Drama","Romance","English",NA,NA,"USA",NA,NA
12,"Star Wars: Episode V - The Empire Strikes Back",1980,124,"Irvin Kershner","Leigh Brackett ",81,8.8,910608,4548170,"Twentieth Century Fox","Mark Hamill","Harrison Ford","Carrie Fisher","Billy Dee Williams",22,19,"Action","Adventure","Fantasy","English",NA,NA,"USA",NA,NA
13,"Inception",2010,148,"Christopher Nolan","Christopher Nolan",74,8.8,1592306,292568851,"Warner Bros. Pictures","Leonardo DiCaprio","Joseph Gordon-Levitt","Ellen Page","Tom Hardy",154,203,"Action","Adventure","Sci","English","Japanese","French","USA","UK",NA
14,"The Lord of the Rings: The Two Towers",2002,179,"Peter Jackson","J.R.R. Tolkien ",88,8.7,1188300,339700000,"New Line Cinema","Bruce Allpress","Sean Astin","John Bach","Sala Baker",120,138,"Adventure","Drama","Fantasy","English","Sindarin","Old English","USA","New Zealand",NA
15,"One Flew Over the Cuckoo's Nest",1975,133,"Milos Forman","Lawrence Hauben ",80,8.7,729653,NA,"United Artists","Michael Berryman","Peter Brocco","Dean R. Brooks","Alonzo Brown",35,13,"Drama",NA,NA,"English",NA,NA,"USA",NA,NA
16,"Goodfellas",1990,146,"Martin Scorsese","Nicholas Pileggi ",89,8.7,787997,NA,"Warner Bros.","Robert De Niro","Ray Liotta","Joe Pesci","Lorraine Bracco",38,35,"Crime","Drama",NA,"English","Italian",NA,"USA",NA,NA
17,"The Matrix",1999,136,"Lana Wachowski, Lilly Wachowski","Lilly Wachowski",73,8.7,1314628,NA,"Warner Bros. Pictures","Keanu Reeves","Laurence Fishburne","Carrie-Anne Moss","Hugo Weaving",38,45,"Action","Sci","Fi","English",NA,NA,"USA",NA,NA
18,"Star Wars: Episode IV - A New Hope",1977,121,"George Lucas","George Lucas",92,8.7,982688,NA,"20th Century Fox","Mark Hamill","Harrison Ford","Carrie Fisher","Peter Cushing",56,28,"Action","Adventure","Fantasy","English",NA,NA,"USA",NA,NA
19,"Se7en",1995,127,"David Fincher","Andrew Kevin Walker",65,8.6,1108627,NA,"New Line Cinema","Morgan Freeman","Andrew Kevin Walker","Kevin Spacey","Daniel Zacapa",25,35,"Crime","Drama","Mystery","English",NA,NA,"USA",NA,NA
20,"It's a Wonderful Life",1946,130,"Frank Capra","Frances Goodrich ",89,8.6,301614,NA,"Liberty Films","James Stewart","Donna Reed","Lionel Barrymore","Thomas Mitchell",6,6,"Drama","Family","Fantasy","English",NA,NA,"USA",NA,NA
21,"The Silence of the Lambs",1991,118,"Jonathan Demme","Thomas Harris ",84,8.6,967878,NA,"Orion Pictures Corporation","Jodie Foster","Lawrence A. Bonney","Kasi Lemmons","Lawrence T. Wrentz",54,37,"Crime","Drama","Thriller","English",NA,NA,"USA",NA,NA
22,"The Usual Suspects",1995,106,"Bryan Singer","Christopher McQuarrie",77,8.6,797545,NA,"Gramercy Pictures","Stephen Baldwin","Gabriel Byrne","Benicio Del Toro","Kevin Pollak",34,16,"Crime","Drama","Mystery","English","Hungarian","Spanish","USA","Germany",NA
23,"Léon: The Professional",1994,110,"Luc Besson","Luc Besson",64,8.6,787281,NA,"Columbia Pictures","Jean Reno","Gary Oldman","Natalie Portman","Danny Aiello",5,11,"Crime","Drama","Thriller","English","Italian","French","France",NA,NA
24,"Saving Private Ryan",1998,169,"Steven Spielberg","Robert Rodat",90,8.6,960639,NA,"Paramount Pictures","Tom Hanks","Tom Sizemore","Edward Burns","Barry Pepper",79,74,"Drama","War",NA,"English","French","German","USA",NA,NA
25,"City Lights",1931,87,"Charles Chaplin","Charles Chaplin",NA,8.6,119453,NA,"Twentieth Century Fox Home Entertainment","Virginia Cherrill","Florence Lee","Harry Myers","Al Ernest Garcia",3,0,"Comedy","Drama","Romance","English",NA,NA,"USA",NA,NA
26,"Interstellar",2014,169,"Christopher Nolan","Jonathan Nolan",74,8.6,1057411,158737441,"Paramount Pictures","Ellen Burstyn","Matthew McConaughey","Mackenzie Foy","John Lithgow",42,142,"Adventure","Drama","Sci","English",NA,NA,"USA","UK","Canada"
27,"American History X",1998,119,"Tony Kaye","David McKenna",62,8.5,843128,NA,"New Line Cinema","Edward Norton","Edward Furlong","Beverly D'Angelo","Jennifer Lien",4,14,"Crime","Drama",NA,"English",NA,NA,"USA",NA,NA
28,"Modern Times",1936,87,"Charles Chaplin","Charles Chaplin",96,8.5,158254,NA,"United Artists","Charles Chaplin","Paulette Goddard","Henry Bergman","Tiny Sandford",4,1,"Comedy","Drama","Family","English",NA,NA,"USA",NA,NA
29,"Casablanca",1942,102,"Michael Curtiz","Julius J. Epstein ",100,8.5,415400,NA,"Warner Bros. Pictures","Humphrey Bogart","Ingrid Bergman","Paul Henreid","Claude Rains",8,8,"Drama","Romance","War","English","French","German","USA",NA,NA
30,"The Green Mile",1999,189,"Frank Darabont","Stephen King ",61,8.5,857527,NA,"Warner Bros. Pictures","Tom Hanks","David Morse","Michael Clarke Duncan","Bonnie Hunt",15,34,"Crime","Drama","Fantasy","English","French",NA,"USA",NA,NA
31,"Psycho",1960,109,"Alfred Hitchcock","Joseph Stefano ",97,8.5,458316,NA,"Paramount Pictures","Anthony Perkins","Vera Miles","John Gavin","Janet Leigh",5,13,"Horror","Mystery","Thriller","English",NA,NA,"USA",NA,NA
32,"Raiders of the Lost Ark",1981,115,"Steven Spielberg","Lawrence Kasdan ",85,8.5,709587,NA,"Paramount Pictures","Harrison Ford","Karen Allen","Paul Freeman","Ronald Lacey",34,23,"Action","Adventure",NA,"English","German","Hebrew","USA",NA,NA
33,"The Pianist",2002,150,"Roman Polanski","Ronald Harwood ",85,8.5,547383,32519322,"Focus Features","Adrien Brody","Emilia Fox","Michal Zebrowski","Ed Stoppard",54,72,"Biography","Drama","Music","English","German","Russian","France","Poland","Germany"
34,"Rear Window",1954,112,"Alfred Hitchcock","John Michael Hayes ",NA,8.5,342023,NA,"Paramount Pictures","James Stewart","Grace Kelly","Wendell Corey","Thelma Ritter",6,12,"Mystery","Thriller",NA,"English",NA,NA,"USA",NA,NA
35,"The Departed",2006,151,"Martin Scorsese","William Monahan ",85,8.5,943314,132300000,"Warner Bros. Pictures","Leonardo DiCaprio","Matt Damon","Jack Nicholson","Mark Wahlberg",96,134,"Crime","Drama","Thriller","English","Cantonese",NA,"USA","Hong Kong",NA
36,"Whiplash",2014,107,"Damien Chazelle","Damien Chazelle",88,8.5,485079,NA,"Sony Pictures Classics","Miles Teller","J.K. Simmons","Paul Reiser","Melissa Benoist",91,135,"Drama","Music",NA,"English",NA,NA,"USA",NA,NA
37,"Terminator 2: Judgment Day",1991,137,"James Cameron","James Cameron",75,8.5,798971,198116802,"TriStar Pictures","Arnold Schwarzenegger","Linda Hamilton","Edward Furlong","Robert Patrick",28,24,"Action","Sci","Fi","English","Spanish",NA,"USA","France",NA
38,"Back to the Future",1985,116,"Robert Zemeckis","Robert Zemeckis",86,8.5,798211,2925880,"Universal Pictures","Michael J. Fox","Christopher Lloyd","Lea Thompson","Crispin Glover",19,26,"Adventure","Comedy","Sci","English",NA,NA,"USA",NA,NA
39,"Gladiator",2000,155,"Ridley Scott","David Franzoni ",67,8.5,1059523,NA,"Dreamworks Distribution LLC","Russell Crowe","Joaquin Phoenix","Connie Nielsen","Oliver Reed",58,101,"Action","Adventure","Drama","English",NA,NA,"USA","UK",NA
40,"The Lion King",1994,88,"Roger Allers, Rob Minkoff","Irene Mecchi ",83,8.5,707806,94240635,"Buena Vista","Rowan Atkinson","Matthew Broderick","Niketa Calame","Jim Cummings",35,30,"Animation","Adventure","Drama","English","Swahili","Xhosa","USA",NA,NA
41,"The Prestige",2006,130,"Christopher Nolan","Jonathan Nolan ",66,8.5,922672,53100000,"Buena Vista Pictures","Hugh Jackman","Christian Bale","Michael Caine","Piper Perabo",5,38,"Drama","Mystery","Sci","English",NA,NA,"USA","UK",NA
42,"Apocalypse Now",1979,153,"Francis Ford Coppola","John Milius",90,8.5,481465,NA,"United Artists","Marlon Brando","Martin Sheen","Robert Duvall","Frederic Forrest",20,31,"Drama","War",NA,"English","French","Vietnamese","USA",NA,NA
43,"Memento",2000,113,"Christopher Nolan","Christopher Nolan ",80,8.5,909341,23844220,"Newmarket Films","Guy Pearce","Carrie-Anne Moss","Joe Pantoliano","Mark Boone Junior",55,57,"Mystery","Thriller",NA,"English",NA,NA,"USA",NA,NA
44,"The Great Dictator",1940,125,"Charles Chaplin","Charles Chaplin",NA,8.5,151705,NA,"Criterion Collection","Charles Chaplin","Jack Oakie","Reginald Gardiner","Henry Daniell",6,6,"Comedy","Drama","War","English","Esperanto",NA,"USA",NA,NA
45,"Sunset Boulevard",1950,110,"Billy Wilder","Charles Brackett",NA,8.5,151983,NA,"Paramount Pictures","William Holden","Gloria Swanson","Erich von Stroheim","Nancy Olson",18,18,"Drama","Film","Noir","English",NA,NA,"USA",NA,NA
46,"Alien",1979,117,"Ridley Scott","Dan O'Bannon ",83,8.5,618222,NA,"20th Century Fox","Tom Skerritt","Sigourney Weaver","Veronica Cartwright","Harry Dean Stanton",17,19,"Horror","Sci","Fi","English",NA,NA,"UK","USA",NA
47,"Dr. Strangelove or: How I Learned to Stop Worrying and Love the Bomb",1964,95,"Stanley Kubrick","Stanley Kubrick ",96,8.5,367328,NA,"Sony Pictures","Peter Sellers","George C. Scott","Sterling Hayden","Keenan Wynn",13,10,"Comedy",NA,NA,"English","Russian",NA,"USA","UK",NA
48,"Paths of Glory",1957,88,"Stanley Kubrick","Stanley Kubrick ",NA,8.5,132224,NA,"United Artists","Kirk Douglas","Ralph Meeker","Adolphe Menjou","George Macready",4,3,"Drama","War",NA,"English","German","Latin","USA",NA,NA
49,"Django Unchained",2012,165,"Quentin Tarantino","Quentin Tarantino",81,8.4,1047465,162804648,"The Weinstein Co.","Jamie Foxx","Christoph Waltz","Leonardo DiCaprio","Kerry Washington",58,151,"Drama","Western",NA,"English","German","French","USA",NA,NA
50,"The Shining",1980,146,"Stanley Kubrick","Stephen King ",61,8.4,664418,NA,"Warner Bros. Pictures","Jack Nicholson","Shelley Duvall","Danny Lloyd","Scatman Crothers",3,5,"Drama","Horror",NA,"English",NA,NA,"UK","USA",NA
51,"Witness for the Prosecution",1957,116,"Billy Wilder","Agatha Christie ",NA,8.4,70915,NA,"MGM","Tyrone Power","Marlene Dietrich","Charles Laughton","Elsa Lanchester",3,15,"Crime","Drama","Mystery","English","German",NA,"USA",NA,NA
52,"The Dark Knight Rises",2012,164,"Christopher Nolan","Jonathan Nolan ",78,8.5,1228378,448130642,"Warner Bros. Pictures","Christian Bale","Gary Oldman","Tom Hardy","Joseph Gordon-Levitt",38,102,"Action","Thriller",NA,"English","Arabic",NA,"UK","USA",NA
53,"WALL·E",2008,98,"Andrew Stanton","Andrew Stanton ",94,8.4,782275,223749872,"Walt Disney Pictures","Ben Burtt","Elissa Knight","Jeff Garlin","Fred Willard",91,90,"Animation","Adventure","Family","English",NA,NA,"USA",NA,NA
54,"American Beauty",1999,122,"Sam Mendes","Alan Ball",86,8.4,881549,NA,"Dream Works","Kevin Spacey","Annette Bening","Thora Birch","Wes Bentley",108,98,"Drama","Romance",NA,"English",NA,NA,"USA",NA,NA
55,"Once Upon a Time in America",1984,229,"Sergio Leone","Harry Grey ",NA,8.4,239391,NA,"Warner Home Video","Robert De Niro","James Woods","Elizabeth McGovern","Joe Pesci",11,9,"Crime","Drama",NA,"English","Italian","French","Italy","USA",NA
56,"Aliens",1986,137,"James Cameron","James Cameron ",87,8.4,529034,NA,"20th Century Fox Film Corporat","Sigourney Weaver","Carrie Henn","Michael Biehn","Paul Reiser",20,22,"Action","Adventure","Sci","English",NA,NA,"USA","UK",NA
57,"Citizen Kane",1941,119,"Orson Welles","Herman J. Mankiewicz ",100,8.4,318781,NA,"RKO Radio Pictures","Joseph Cotten","Dorothy Comingore","Agnes Moorehead","Ruth Warrick",10,12,"Drama","Mystery",NA,"English",NA,NA,"USA",NA,NA
58,"North by Northwest",1959,136,"Alfred Hitchcock","Ernest Lehman",NA,8.4,235871,NA,"Turner Entertainment","Cary Grant","Eva Marie Saint","James Mason","Jessie Royce Landis",8,7,"Action","Adventure","Mystery","English",NA,NA,"USA",NA,NA
59,"Vertigo",1958,128,"Alfred Hitchcock","Alec Coppel ",NA,8.4,272500,NA,"Paramount Pictures","James Stewart","Kim Novak","Barbara Bel Geddes","Tom Helmore",8,6,"Mystery","Romance","Thriller","English",NA,NA,"USA",NA,NA
60,"Star Wars: Episode VI - Return of the Jedi",1983,131,"Richard Marquand","Lawrence Kasdan ",53,8.4,747275,NA,"Twentieth Century Fox","Mark Hamill","Harrison Ford","Carrie Fisher","Billy Dee Williams",20,20,"Action","Adventure","Fantasy","English",NA,NA,"USA",NA,NA
61,"Braveheart",1995,178,"Mel Gibson","Randall Wallace",68,8.4,793897,NA,"Paramount Pictures","James Robinson","Sean Lawlor","Sandy Nelson","James Cosmo",31,29,"Biography","Drama","History","English","French","Latin","USA",NA,NA
62,"Reservoir Dogs",1992,99,"Quentin Tarantino","Quentin Tarantino",78,8.3,721998,NA,"Miramax Films","Harvey Keitel","Tim Roth","Michael Madsen","Chris Penn",9,15,"Crime","Drama","Thriller","English",NA,NA,"USA",NA,NA
63,"Double Indemnity",1944,107,"Billy Wilder","Billy Wilder ",NA,8.3,106914,NA,"Paramount Pictures","Fred MacMurray","Barbara Stanwyck","Edward G. Robinson","Porter Hall",2,9,"Crime","Drama","Film","English",NA,NA,"USA",NA,NA
64,"Requiem for a Dream",2000,102,"Darren Aronofsky","Hubert Selby Jr. ",68,8.4,618232,2546851,"Artisan Entertainment","Ellen Burstyn","Jared Leto","Jennifer Connelly","Marlon Wayans",33,63,"Drama",NA,NA,"English",NA,NA,"USA",NA,NA
65,"Lawrence of Arabia",1962,216,"David Lean","T.E. Lawrence ",100,8.3,207765,NA,"Columbia Pictures","Peter O'Toole","Alec Guinness","Anthony Quinn","Jack Hawkins",30,14,"Adventure","Biography","Drama","English","Arabic","Turkish","UK","USA",NA
66,"The Kid",1921,68,"Charles Chaplin","Charles Chaplin",NA,8.3,76513,NA,"First National Pictures Inc.","Carl Miller","Edna Purviance","Jackie Coogan","Charles Chaplin",1,0,"Comedy","Drama","Family","English",NA,NA,"USA",NA,NA
67,"A Clockwork Orange",1971,136,"Stanley Kubrick","Stanley Kubrick ",78,8.3,601251,NA,"Warner Bros.","Malcolm McDowell","Patrick Magee","Michael Bates","Warren Clarke",9,21,"Crime","Drama","Sci","English",NA,NA,"UK","USA",NA
68,"Amadeus",1984,160,"Milos Forman","Peter Shaffer ",93,8.3,293394,NA,"Warner Bros. Pictures","F. Murray Abraham","Tom Hulce","Elizabeth Berridge","Roy Dotrice",41,14,"Biography","Drama","History","English","Italian","Latin","USA","France",NA
69,"To Kill a Mockingbird",1962,129,"Robert Mulligan","Harper Lee ",NA,8.3,234351,NA,"Universal International Pictur","Gregory Peck","John Megna","Frank Overton","Rosemary Murphy",13,16,"Crime","Drama",NA,"English",NA,NA,"USA",NA,NA
70,"Eternal Sunshine of the Spotless Mind",2004,108,"Michel Gondry","Charlie Kaufman ",89,8.3,720117,34126138,"Focus Features","Jim Carrey","Kate Winslet","Gerry Robert Byrne","Elijah Wood",71,109,"Drama","Romance","Sci","English",NA,NA,"USA",NA,NA
71,"Singin' in the Rain",1952,103,"Stanley Donen, Gene Kelly","Betty Comden ",NA,8.3,166166,NA,"MGM","Gene Kelly","Donald O'Connor","Debbie Reynolds","Jean Hagen",5,9,"Comedy","Musical","Romance","English",NA,NA,"USA",NA,NA
72,"Taxi Driver",1976,113,"Martin Scorsese","Paul Schrader",93,8.3,549211,NA,"Columbia Pictures","Diahnne Abbott","Frank Adu","Victor Argo","Gino Ardito",21,19,"Crime","Drama",NA,"English","Spanish",NA,"USA",NA,NA
73,"The Sting",1973,129,"George Roy Hill","David S. Ward",80,8.3,190154,NA,"Universal Pictures","Paul Newman","Robert Redford","Robert Shaw","Charles Durning",17,6,"Comedy","Crime","Drama","English",NA,NA,"USA",NA,NA
74,"Toy Story 3",2010,103,"Lee Unkrich","John Lasseter ",92,8.3,589975,414984497,"Walt Disney Pictures","Tom Hanks","Tim Allen","Joan Cusack","Ned Beatty",61,91,"Animation","Adventure","Comedy","English","Spanish",NA,"USA",NA,NA
75,"2001: A Space Odyssey",1968,149,"Stanley Kubrick","Stanley Kubrick ",86,8.3,462767,135620,"Warner Bros. Pictures","Keir Dullea","Gary Lockwood","William Sylvester","Daniel Richter",14,8,"Adventure","Sci","Fi","English","Russian",NA,"UK","USA",NA
76,"Full Metal Jacket",1987,116,"Stanley Kubrick","Gustav Hasford ",76,8.3,527053,NA,"Warner Bros.","Matthew Modine","Adam Baldwin","Vincent D'Onofrio","R. Lee Ermey",7,10,"Drama","War",NA,"English","Vietnamese",NA,"UK","USA",NA
77,"Baby Driver",2017,113,"Edgar Wright","Edgar Wright",83,8.5,2872,30029105,"Sony Pictures","Ansel Elgort","Jon Bernthal","Jon Hamm","Eiza González",1,1,"Action","Crime","Music","English",NA,NA,"UK","USA",NA
78,"Toy Story",1995,81,"John Lasseter","John Lasseter ",95,8.3,680986,NA,"Buena Vista","Tom Hanks","Tim Allen","Don Rickles","Jim Varney",23,21,"Animation","Adventure","Comedy","English",NA,NA,"USA",NA,NA
79,"Inglourious Basterds",2009,153,"Quentin Tarantino, Eli Roth","Quentin Tarantino",69,8.3,969927,120523073,"The Weinstein Company","Brad Pitt","Mélanie Laurent","Christoph Waltz","Eli Roth",130,165,"Adventure","Drama","War","English","German","French","USA","Germany",NA
80,"Snatch",2000,102,"Guy Ritchie","Guy Ritchie",55,8.3,643205,30093107,"Columbia Pictures","Benicio Del Toro","Dennis Farina","Vinnie Jones","Brad Pitt",4,6,"Comedy","Crime",NA,"English","Russian",NA,"UK","USA",NA
81,"The Apartment",1960,125,"Billy Wilder","Billy Wilder",NA,8.3,119156,NA,"United Artists","Jack Lemmon","Shirley MacLaine","Fred MacMurray","Ray Walston",24,8,"Comedy","Drama","Romance","English",NA,NA,"USA",NA,NA
82,"All About Eve",1950,138,"Joseph L. Mankiewicz","Joseph L. Mankiewicz ",NA,8.3,89890,NA,"20th Century Fox","Bette Davis","Anne Baxter","George Sanders","Celeste Holm",23,17,"Drama",NA,NA,"English","French",NA,"USA",NA,NA
83,"Monty Python and the Holy Grail",1975,91,"Terry Gilliam, Terry Jones","Graham Chapman",93,8.3,408671,NA,"Almi Cinema 5","Graham Chapman","John Cleese","Eric Idle","Terry Gilliam",2,2,"Adventure","Comedy","Fantasy","English","French","Latin","UK",NA,NA
84,"Scarface",1983,170,"Brian De Palma","Oliver Stone ",65,8.3,580090,656161,"Universal Films","Al Pacino","Steven Bauer","Michelle Pfeiffer","Mary Elizabeth Mastrantonio",0,7,"Crime","Drama",NA,"English","Spanish",NA,"USA",NA,NA
85,"L.A. Confidential",1997,138,"Curtis Hanson","James Ellroy ",90,8.3,441642,NA,"Warner Bros. Pictures","Kevin Spacey","Russell Crowe","Guy Pearce","James Cromwell",87,77,"Crime","Drama","Mystery","English",NA,NA,"USA",NA,NA
86,"Good Will Hunting",1997,126,"Gus Van Sant","Matt Damon",70,8.3,659342,NA,"Miramax Films","Matt Damon","Ben Affleck","Stellan Skarsgård","John Mighton",24,55,"Drama",NA,NA,"English",NA,NA,"USA",NA,NA
87,"The Treasure of the Sierra Madre",1948,126,"John Huston","John Huston ",NA,8.3,85244,NA,"WARNER BROTHERS PICTURES","Humphrey Bogart","Walter Huston","Tim Holt","Bruce Bennett",15,5,"Adventure","Drama","Western","English","Spanish",NA,"USA",NA,NA
88,"Indiana Jones and the Last Crusade",1989,127,"Steven Spielberg","Jeffrey Boam ",65,8.3,555173,NA,"Paramount Pictures","Harrison Ford","Sean Connery","Denholm Elliott","Alison Doody",7,20,"Action","Adventure","Fantasy","English","German","Greek","USA",NA,NA
89,"Some Like It Hot",1959,121,"Billy Wilder","Billy Wilder ",NA,8.3,189098,NA,"United Artists","Marilyn Monroe","Tony Curtis","Jack Lemmon","George Raft",10,13,"Comedy","Romance",NA,"English",NA,NA,"USA",NA,NA
90,"Batman Begins",2005,140,"Christopher Nolan","Bob Kane ",70,8.3,1053569,204100000,"Warner Bros. Pictures","Christian Bale","Michael Caine","Liam Neeson","Katie Holmes",14,72,"Action","Adventure",NA,"English","Urdu","Mandarin","USA","UK",NA
91,"Up",2009,96,"Pete Docter, Bob Peterson","Pete Docter ",88,8.3,727405,292979556,"Walt Disney Pictures","Edward Asner","Christopher Plummer","Jordan Nagai","Bob Peterson",76,82,"Animation","Adventure","Comedy","English",NA,NA,"USA",NA,NA
92,"The Third Man",1949,93,"Carol Reed","Graham Greene ",NA,8.3,122343,NA,"Rialto Pictures","Joseph Cotten","Alida Valli","Orson Welles","Trevor Howard",5,4,"Film","Noir","Mystery","English","German","Russian","UK",NA,NA
93,"Unforgiven",1992,131,"Clint Eastwood","David Webb Peoples",82,8.2,298035,NA,"Warner Bros. Pictures","Clint Eastwood","Gene Hackman","Morgan Freeman","Richard Harris",44,28,"Drama","Western",NA,"English",NA,NA,"USA",NA,NA
94,"Judgment at Nuremberg",1961,186,"Stanley Kramer","Abby Mann",NA,8.3,49303,NA,"United Artists","Spencer Tracy","Burt Lancaster","Richard Widmark","Marlene Dietrich",15,25,"Drama","War",NA,"English","German",NA,"USA",NA,NA
95,"Raging Bull",1980,129,"Martin Scorsese","Jake LaMotta ",92,8.2,251296,NA,"United Artists","Robert De Niro","Cathy Moriarty","Joe Pesci","Frank Vincent",24,26,"Biography","Drama","Sport","English",NA,NA,"USA",NA,NA
96,"The Great Escape",1963,172,"John Sturges","Paul Brickhill ",NA,8.2,177901,NA,"VCI","Steve McQueen","James Garner","Richard Attenborough","James Donald",2,10,"Adventure","Drama","History","English","German","French","USA",NA,NA
97,"Heat",1995,170,"Michael Mann","Michael Mann",76,8.2,461331,NA,"Warner Bros.","Al Pacino","Robert De Niro","Val Kilmer","Jon Voight",0,12,"Action","Crime","Drama","English","Spanish",NA,"USA",NA,NA
98,"Die Hard",1988,131,"John McTiernan","Roderick Thorp ",70,8.2,636557,NA,"20th Century Fox","Bruce Willis","Bonnie Bedelia","Reginald VelJohnson","Paul Gleason",6,6,"Action","Thriller",NA,"English","German","Italian","USA",NA,NA
99,"The Gold Rush",1925,95,"Charles Chaplin","Charles Chaplin",NA,8.2,73848,NA,"Janus Films","Charles Chaplin","Mack Swain","Tom Murray","Henry Bergman",3,3,"Adventure","Comedy","Drama","English",NA,NA,"USA",NA,NA
100,"Chinatown",1974,130,"Roman Polanski","Robert Towne",86,8.2,232188,NA,"Paramount Pictures","Jack Nicholson","Faye Dunaway","John Huston","Perry Lopez",21,24,"Drama","Mystery","Thriller","English","Cantonese","Spanish","USA",NA,NA
101,"On the Waterfront",1954,108,"Elia Kazan","Budd Schulberg ",88,8.2,109591,NA,"Sony Pictures","Marlon Brando","Karl Malden","Lee J. Cobb","Rod Steiger",29,9,"Crime","Drama","Thriller","English",NA,NA,"USA",NA,NA
102,"Mr. Smith Goes to Washington",1939,129,"Frank Capra","Sidney Buchman ",NA,8.2,83328,NA,"ITVS","Jean Arthur","James Stewart","Claude Rains","Edward Arnold",5,11,"Comedy","Drama",NA,"English",NA,NA,"USA",NA,NA
103,"The General",1926,67,"Clyde Bruckman, Buster Keaton","Buster Keaton",NA,8.2,58327,NA,"United Artists Films","Buster Keaton","Marion Mack","Glen Cavender","Jim Farley",2,1,"Action","Adventure","Comedy","English",NA,NA,"USA",NA,NA
104,"Inside Out",2015,95,"Pete Docter, Ronnie Del Carmen","Pete Docter ",94,8.2,421211,264317903,"Disney/Pixar","Amy Poehler","Phyllis Smith","Richard Kind","Bill Hader",93,104,"Animation","Adventure","Comedy","English",NA,NA,"USA",NA,NA
105,"The Bridge on the River Kwai",1957,161,"David Lean","Pierre Boulle ",NA,8.2,161564,NA,"Columbia Pictures","William Holden","Alec Guinness","Jack Hawkins","Sessue Hayakawa",30,7,"Adventure","Drama","War","English","Japanese","Thai","UK","USA",NA
106,"Room",2015,118,"Lenny Abrahamson","Emma Donoghue ",86,8.2,226372,14677654,"Element Pictures","Brie Larson","Jacob Tremblay","Sean Bridgers","Wendy Crewson",103,132,"Drama",NA,NA,"English",NA,NA,"Ireland","Canada","UK"
107,"La La Land",2016,128,"Damien Chazelle","Damien Chazelle",93,8.2,272059,151058124,"Liongate Films","Ryan Gosling","Emma Stone","Amiée Conn","Terry Walters",203,243,"Comedy","Drama","Music","English",NA,NA,"USA",NA,NA
108,"Logan",2017,137,"James Mangold","James Mangold ",77,8.3,316354,226252579,"20th Century Fox","Hugh Jackman","Patrick Stewart","Dafne Keen","Boyd Holbrook",1,2,"Action","Drama","Sci","English","Spanish",NA,"USA","Canada","Australia"
109,"Blade Runner",1982,117,"Ridley Scott","Hampton Fancher ",89,8.2,499344,NA,"Warner Bros. Pictures","Harrison Ford","Rutger Hauer","Sean Young","Edward James Olmos",11,18,"Sci","Fi","Thriller","English","German","Cantonese","USA","Hong Kong","UK"
110,"Lock, Stock and Two Smoking Barrels",1998,107,"Guy Ritchie","Guy Ritchie",66,8.2,442704,NA,"Gramercy Pictures","Jason Flemyng","Dexter Fletcher","Nick Moran","Jason Statham",13,8,"Comedy","Crime",NA,"English",NA,NA,"UK",NA,NA
111,"Casino",1995,178,"Martin Scorsese","Nicholas Pileggi ",73,8.2,360941,NA,"Universal Pictures","Robert De Niro","Sharon Stone","Joe Pesci","James Woods",3,10,"Crime","Drama",NA,"English",NA,NA,"France","USA",NA
112,"A Beautiful Mind",2001,135,"Ron Howard","Akiva Goldsman",72,8.2,667901,NA,"Universal Pictures","Russell Crowe","Ed Harris","Jennifer Connelly","Christopher Plummer",37,65,"Biography","Drama",NA,"English",NA,NA,"USA",NA,NA
113,"The Elephant Man",1980,124,"David Lynch","Christopher De Vore ",NA,8.2,174583,NA,"Paramount","Anthony Hopkins","John Hurt","Anne Bancroft","John Gielgud",10,22,"Biography","Drama",NA,"English",NA,NA,"USA","UK",NA
114,"Warrior",2011,140,"Gavin O'Connor","Gavin O'Connor ",71,8.2,358261,13600000,"Lionsgate","Joel Edgerton","Tom Hardy","Nick Nolte","Jennifer Morrison",6,21,"Action","Drama","Sport","English","Spanish",NA,"USA",NA,NA
115,"V for Vendetta",2005,132,"James McTeigue","Lilly Wachowski ",62,8.2,849623,70500000,"Warner Bros. Pictures","Natalie Portman","Hugo Weaving","Stephen Rea","Stephen Fry",7,27,"Action","Drama","Thriller","English",NA,NA,"USA","UK","Germany"
116,"The Wolf of Wall Street",2013,180,"Martin Scorsese","Terence Winter ",75,8.2,874371,91330760,"Paramount Studios","Leonardo DiCaprio","Jonah Hill","Margot Robbie","Matthew McConaughey",38,170,"Biography","Comedy","Crime","English","French",NA,"USA",NA,NA
117,"Dial M for Murder",1954,105,"Alfred Hitchcock","Frederick Knott ",NA,8.2,116207,NA,"Warner Bros. Pictures","Ray Milland","Grace Kelly","Robert Cummings","John Williams",3,3,"Crime","Film","Noir","English",NA,NA,"USA",NA,NA
118,"Hacksaw Ridge",2016,139,"Mel Gibson","Robert Schenkkan ",71,8.2,221901,67115062,"Summit Entertainment","Andrew Garfield","Richard Pyros","Jacob Warner","Milo Gibson",39,95,"Biography","Drama","History","English","Japanese",NA,"Australia","USA",NA
119,"Gone with the Wind",1939,238,"Victor Fleming, George Cukor, Sam Wood","Margaret Mitchell ",97,8.2,230951,NA,"Loew's Inc.","Thomas Mitchell","Barbara O'Neil","Vivien Leigh","Evelyn Keyes",18,9,"Drama","History","Romance","English",NA,NA,"USA",NA,NA
120,"The Message",1976,177,"Moustapha Akkad","H.A.L. Craig",NA,8.3,36301,NA,"Anchor Bay Entertainment","Anthony Quinn","Irene Papas","Michael Ansara","Johnny Sekka",0,0,"Adventure","Biography","Drama","English","Arabic",NA,"Lebanon","Libya","Kuwait"
121,"Rebecca",1940,130,"Alfred Hitchcock","Daphne Du Maurier ",NA,8.2,94586,NA,"United Artists","Laurence Olivier","Joan Fontaine","George Sanders","Judith Anderson",6,10,"Drama","Mystery","Romance","English","French",NA,"USA",NA,NA
122,"Trainspotting",1996,94,"Danny Boyle","John Hodge ",83,8.2,517568,NA,"Miramax Films","Ewan McGregor","Ewen Bremner","Jonny Lee Miller","Kevin McKidd",23,33,"Drama",NA,NA,"English",NA,NA,"UK",NA,NA
123,"The Deer Hunter",1978,183,"Michael Cimino","Michael Cimino ",81,8.2,249067,NA,"Universal Pictures","Robert De Niro","John Cazale","John Savage","Christopher Walken",22,26,"Drama","War",NA,"English","Russian","Vietnamese","USA","UK",NA
124,"Cool Hand Luke",1967,126,"Stuart Rosenberg","Donn Pearce ",NA,8.2,128345,NA,"Warner Bros.","Paul Newman","George Kennedy","J.D. Cannon","Lou Antonio",4,9,"Crime","Drama",NA,"English",NA,NA,"USA",NA,NA
125,"Gran Torino",2008,116,"Clint Eastwood","Nick Schenk ",72,8.2,598907,148055047,"Warner Bros. Pictures/Village Roadshow","Clint Eastwood","Christopher Carley","Bee Vang","Ahney Her",20,18,"Drama",NA,NA,"English","Hmong",NA,"Germany","USA",NA
126,"The Big Lebowski",1998,117,"Joel Coen, Ethan Coen","Ethan Coen",69,8.2,580796,NA,"Gramercy Pictures","Jeff Bridges","John Goodman","Julianne Moore","Steve Buscemi",4,17,"Comedy","Crime",NA,"English","German","Hebrew","USA","UK",NA
127,"The Thing",1982,109,"John Carpenter","Bill Lancaster ",57,8.2,281843,NA,"Universal Pictures","Kurt Russell","Wilford Brimley","T.K. Carter","David Clennon",0,3,"Horror","Mystery","Sci","English","Norwegian",NA,"USA",NA,NA
128,"It Happened One Night",1934,105,"Frank Capra","Robert Riskin ",NA,8.2,70807,NA,"Sony Pictures Home Entertainment","Clark Gable","Claudette Colbert","Walter Connolly","Roscoe Karns",10,1,"Comedy","Romance",NA,"English",NA,NA,"USA",NA,NA
129,"Fargo",1996,98,"Joel Coen, Ethan Coen","Ethan Coen",85,8.1,490860,NA,"MGM","William H. Macy","Steve Buscemi","Peter Stormare","Kristin Rudrüd",81,59,"Crime","Drama","Thriller","English",NA,NA,"USA","UK",NA
130,"The Sixth Sense",1999,107,"M. Night Shyamalan","M. Night Shyamalan",64,8.1,754842,NA,"Hollywood/Buena Vista","Bruce Willis","Haley Joel Osment","Toni Collette","Olivia Williams",32,53,"Drama","Mystery","Thriller","English","Latin","Spanish","USA",NA,NA
131,"Finding Nemo",2003,100,"Andrew Stanton, Lee Unkrich","Andrew Stanton ",90,8.1,756517,380529370,"Walt Disney Pictures","Albert Brooks","Ellen DeGeneres","Alexander Gould","Willem Dafoe",50,64,"Animation","Adventure","Comedy","English",NA,NA,"USA",NA,NA
132,"Mary and Max",2009,92,"Adam Elliot","Adam Elliot",NA,8.2,129873,NA,"IFC Films","Toni Collette","Philip Seymour Hoffman","Barry Humphries","Eric Bana",4,9,"Animation","Comedy","Drama","English","Yiddish",NA,"Australia",NA,NA
133,"No Country for Old Men",2007,122,"Ethan Coen, Joel Coen","Joel Coen ",91,8.1,666081,74223625,"Miramax Films","Tommy Lee Jones","Javier Bardem","Josh Brolin","Woody Harrelson",160,132,"Crime","Drama","Thriller","English","Spanish",NA,"USA",NA,NA
134,"How to Train Your Dragon",2010,98,"Dean DeBlois, Chris Sanders","William Davies ",74,8.1,528657,216900000,"Paramount/DWA","Jay Baruchel","Gerard Butler","Craig Ferguson","America Ferrera",26,63,"Animation","Action","Adventure","English",NA,NA,"USA",NA,NA
135,"There Will Be Blood",2007,158,"Paul Thomas Anderson","Paul Thomas Anderson ",92,8.1,402281,40133435,"Paramount Vantage","Daniel Day-Lewis","Martin Stringer","Matthew Braden Stringer","Jacob Stringer",108,135,"Drama","History",NA,"English","American Sign Language",NA,"USA",NA,NA
136,"Into the Wild",2007,148,"Sean Penn","Sean Penn ",73,8.1,461312,18173360,"Paramount Vantage","Emile Hirsch","Marcia Gay Harden","William Hurt","Jena Malone",23,101,"Adventure","Biography","Drama","English","Danish",NA,"USA",NA,NA
137,"Kill Bill: Vol. 1",2003,111,"Quentin Tarantino","Quentin Tarantino",69,8.1,791579,NA,"Miramax Films","Uma Thurman","Lucy Liu","Vivica A. Fox","Daryl Hannah",27,100,"Action","Crime","Thriller","English","Japanese","French","USA",NA,NA
138,"Gone Girl",2014,149,"David Fincher","Gillian Flynn ",79,8.1,640332,NA,"20th Century Fox","Ben Affleck","Rosamund Pike","Neil Patrick Harris","Tyler Perry",64,177,"Crime","Drama","Mystery","English",NA,NA,"USA",NA,NA
139,"Life of Brian",1979,94,"Terry Jones","Graham Chapman",75,8.1,291865,NA,"Warner Bros. Pictures","Graham Chapman","John Cleese","Terry Gilliam","Eric Idle",0,0,"Comedy",NA,NA,"English","Latin",NA,"UK",NA,NA
140,"Network",1976,121,"Sidney Lumet","Paddy Chayefsky",88,8.1,111892,NA,"MGM/United Artists","Faye Dunaway","William Holden","Peter Finch","Robert Duvall",19,25,"Drama",NA,NA,"English",NA,NA,"USA",NA,NA
141,"Shutter Island",2010,138,"Martin Scorsese","Laeta Kalogridis ",63,8.1,862078,125001000,"Paramount Studios","Leonardo DiCaprio","Mark Ruffalo","Ben Kingsley","Max von Sydow",8,62,"Mystery","Thriller",NA,"English","German",NA,"USA",NA,NA
142,"In the Name of the Father",1993,133,"Jim Sheridan","Gerry Conlon ",84,8.1,119905,NA,"Universal Pictures","Alison Crosbie","Daniel Day-Lewis","Philip King","Emma Thompson",7,28,"Biography","Drama",NA,"English",NA,NA,"Ireland","UK","USA"
143,"Rush",2013,123,"Ron Howard","Peter Morgan",75,8.1,341336,22442876,"Universal Pictures","Chris Hemsworth","Daniel Brühl","Olivia Wilde","Alexandra Maria Lara",6,64,"Action","Biography","Drama","English","German","Italian","UK","Germany","USA"
144,"Hotel Rwanda",2004,121,"Terry George","Keir Pearson",79,8.1,282079,23472900,"MGM","Don Cheadle","Xolani Mali","Desmond Dube","Hakeem Kae-Kazim",16,48,"Biography","Drama","History","English","French",NA,"UK","South Africa","Italy"
145,"Platoon",1986,120,"Oliver Stone","Oliver Stone",92,8.1,311879,NA,"Orion Pictures","Tom Berenger","Keith David","Willem Dafoe","Forest Whitaker",23,14,"Drama","War",NA,"English","Vietnamese",NA,"UK","USA",NA
146,"Song of the Sea",2014,93,"Tomm Moore","Will Collins",85,8.1,33478,NA,"GKIDS","David Rawle","Brendan Gleeson","Lisa Hannigan","Fionnula Flanagan",11,22,"Animation","Adventure","Family","English","Irish","Scottish Gaelic","Ireland","Denmark","Belgium"
147,"Ben-Hur",1959,212,"William Wyler","Lew Wallace ",90,8.1,175529,NA,"MGM","Charlton Heston","Jack Hawkins","Haya Harareet","Stephen Boyd",27,13,"Adventure","Drama","History","English",NA,NA,"USA",NA,NA
148,"Stand by Me",1986,89,"Rob Reiner","Stephen King ",75,8.1,292157,NA,"MCA Universal Home Video","Wil Wheaton","River Phoenix","Corey Feldman","Jerry O'Connell",4,12,"Adventure","Drama",NA,"English",NA,NA,"USA",NA,NA
149,"Hachi: A Dog's Tale",2009,93,"Lasse Hallström","Stephen P. Lindsey ",NA,8.1,179414,NA,"Inferno Entertainment","Richard Gere","Joan Allen","Cary-Hiroyuki Tagawa","Sarah Roemer",0,1,"Drama","Family",NA,"English","Japanese",NA,"UK","USA",NA
150,"Kind Hearts and Coronets",1949,106,"Robert Hamer","Roy Horniman ",NA,8.1,29245,NA,"Ealing Studios","Dennis Price","Valerie Hobson","Joan Greenwood","Alec Guinness",3,3,"Comedy","Crime",NA,"English",NA,NA,"UK",NA,NA
151,"The Maltese Falcon",1941,100,"John Huston","John Huston ",NA,8.1,122177,NA,"Warner Bros.","Humphrey Bogart","Mary Astor","Gladys George","Peter Lorre",4,3,"Film","Noir","Mystery","English",NA,NA,"USA",NA,NA
152,"Butch Cassidy and the Sundance Kid",1969,110,"George Roy Hill","William Goldman",58,8.1,163664,NA,"20th Century Fox","Paul Newman","Robert Redford","Katharine Ross","Strother Martin",20,14,"Biography","Crime","Drama","English","Spanish",NA,"USA",NA,NA
153,"The Legend of 1900",1998,165,"Giuseppe Tornatore","Alessandro Baricco ",58,8.1,44192,NA,"Fine Line Features","Tim Roth","Pruitt Taylor Vince","Bill Nunn","Clarence Williams III",22,8,"Drama","Music","Romance","English","French",NA,"Italy",NA,NA
154,"Spotlight",2015,128,"Tom McCarthy","Josh Singer",93,8.1,274216,NA,"Open Road Films","Mark Ruffalo","Michael Keaton","Rachel McAdams","Liev Schreiber",117,134,"Crime","Drama","History","English",NA,NA,"USA","Canada",NA
155,"Brief Encounter",1945,86,"David Lean",NA,NA,8.1,28038,NA,"Universal Pictures","Celia Johnson","Trevor Howard","Stanley Holloway","Joyce Carey",3,3,"Drama","Romance",NA,"English",NA,NA,"UK",NA,NA
156,"The Best Years of Our Lives",1946,170,"William Wyler","Robert E. Sherwood ",NA,8.1,43479,NA,"RKO Radio Pictures","Myrna Loy","Fredric March","Dana Andrews","Teresa Wright",20,2,"Drama","Romance","War","English",NA,NA,"USA",NA,NA
157,"The Grapes of Wrath",1940,129,"John Ford","Nunnally Johnson ",NA,8.1,68128,NA,"Twentieth Century Fox Home Entertainment","Henry Fonda","Jane Darwell","John Carradine","Charley Grapewin",11,5,"Drama","History",NA,"English",NA,NA,"USA",NA,NA
158,"12 Years a Slave",2013,134,"Steve McQueen","John Ridley ",96,8.1,490387,50628650,"Fox Searchlight","Chiwetel Ejiofor","Dwight Henry","Dickie Gravois","Bryan Batt",238,326,"Biography","Drama","History","English",NA,NA,"USA","UK",NA
159,"The Grand Budapest Hotel",2014,99,"Wes Anderson","Stefan Zweig ",88,8.1,537323,56939515,"Fox Searchlight","Ralph Fiennes","F. Murray Abraham","Mathieu Amalric","Adrien Brody",131,217,"Adventure","Comedy","Drama","English","French",NA,"USA","Germany",NA
160,"Mad Max: Fury Road",2015,120,"George Miller","George Miller",90,8.1,638510,129483877,"Warner Bros.","Tom Hardy","Charlize Theron","Nicholas Hoult","Hugh Keays-Byrne",237,208,"Action","Adventure","Sci","English","Russian",NA,"Australia","USA",NA
161,"The Princess Bride",1987,98,"Rob Reiner","William Goldman ",77,8.1,314262,NA,"20th Century Fox","Cary Elwes","Mandy Patinkin","Chris Sarandon","Christopher Guest",7,9,"Adventure","Family","Fantasy","English",NA,NA,"USA",NA,NA
162,"What Ever Happened to Baby Jane?",1962,134,"Robert Aldrich","Henry Farrell ",NA,8.1,37689,NA,"Warner Bros. Pictures","Bette Davis","Joan Crawford","Victor Buono","Wesley Addy",2,11,"Drama","Horror","Thriller","English",NA,NA,"USA",NA,NA
163,"Million Dollar Baby",2004,132,"Clint Eastwood","Paul Haggis ",86,8.1,519405,100422786,"Warner Bros. Pictures","Clint Eastwood","Hilary Swank","Morgan Freeman","Jay Baruchel",67,83,"Drama","Sport",NA,"English","Irish",NA,"USA",NA,NA
164,"Jurassic Park",1993,127,"Steven Spielberg","Michael Crichton ",68,8.1,670652,45299680,"Universal City Studios","Sam Neill","Laura Dern","Jeff Goldblum","Richard Attenborough",31,17,"Adventure","Sci","Fi","English","Spanish",NA,"USA",NA,NA
165,"Touch of Evil",1958,95,"Orson Welles","Orson Welles ",NA,8.1,78182,NA,"October Films","Charlton Heston","Janet Leigh","Orson Welles","Joseph Calleia",6,1,"Crime","Drama","Film","English","Spanish",NA,"USA",NA,NA
166,"Spider-Man: Homecoming",2017,133,"Jon Watts","Jonathan Goldstein ",73,8.1,64044,117027503,"Sony Pictures","Tom Holland","Michael Keaton","Robert Downey Jr.","Marisa Tomei",0,0,"Action","Adventure","Sci","English",NA,NA,"USA",NA,NA
167,"Before Sunrise",1995,101,"Richard Linklater","Richard Linklater",77,8.1,202165,NA,"Sony Pictures Home Entertainment","Ethan Hawke","Julie Delpy","Andrea Eckert","Hanno Pöschl",1,7,"Drama","Romance",NA,"English","German","French","USA","Austria","Switzerland"
168,"The Truman Show",1998,103,"Peter Weir","Andrew Niccol",90,8.1,724665,NA,"Paramount Pictures","Jim Carrey","Laura Linney","Noah Emmerich","Natascha McElhone",38,69,"Comedy","Drama","Sci","English",NA,NA,"USA",NA,NA
169,"Harry Potter and the Deathly Hallows: Part 2",2011,130,"David Yates","Steve Kloves ",87,8.1,594362,381000185,"Warner Bros. Pictures","Ralph Fiennes","Michael Gambon","Alan Rickman","Daniel Radcliffe",45,95,"Adventure","Drama","Fantasy","English",NA,NA,"USA","UK",NA
170,"Star Wars: The Force Awakens",2015,136,"J.J. Abrams","Lawrence Kasdan",81,8.1,665521,936658640,"Walt Disney Pictures","Harrison Ford","Mark Hamill","Carrie Fisher","Adam Driver",51,120,"Action","Adventure","Fantasy","English",NA,NA,"USA",NA,NA
171,"Paris, Texas",1984,145,"Wim Wenders","L.M. Kit Carson ",NA,8.1,55529,NA,"20th Century Fox","Harry Dean Stanton","Sam Berry","Bernhard Wicki","Dean Stockwell",16,10,"Drama",NA,NA,"English",NA,NA,"UK","France","West Germany"
172,"The Last Picture Show",1971,118,"Peter Bogdanovich","Larry McMurtry ",NA,8.1,33568,NA,"Columbia Pictures","Timothy Bottoms","Jeff Bridges","Cybill Shepherd","Ben Johnson",18,22,"Drama",NA,NA,"English",NA,NA,"USA",NA,NA
173,"Gandhi",1982,191,"Richard Attenborough","John Briley",NA,8.1,184127,NA,"Columbia Pictures","Ben Kingsley","Candice Bergen","Edward Fox","John Gielgud",35,20,"Biography","Drama","History","English",NA,NA,"UK","India","USA"
174,"Barry Lyndon",1975,184,"Stanley Kubrick","Stanley Kubrick ",NA,8.1,110576,NA,"Warner Bros.","Ryan O'Neal","Marisa Berenson","Patrick Magee","Hardy Krüger",17,13,"Adventure","Drama","History","English","German","French","UK","USA","Ireland"
175,"Rocky",1976,120,"John G. Avildsen","Sylvester Stallone",69,8.1,407892,NA,"United Artists","Sylvester Stallone","Talia Shire","Burt Young","Carl Weathers",19,21,"Drama","Sport",NA,"English",NA,NA,"USA",NA,NA
176,"Annie Hall",1977,93,"Woody Allen","Woody Allen",NA,8.1,208523,NA,"United Artists","Woody Allen","Diane Keaton","Tony Roberts","Carol Kane",30,8,"Comedy","Romance",NA,"English","German",NA,"USA",NA,NA
177,"Prisoners",2013,153,"Denis Villeneuve","Aaron Guzikowski",74,8.1,436571,60962878,"Warner Bros.","Hugh Jackman","Jake Gyllenhaal","Viola Davis","Maria Bello",10,36,"Crime","Drama","Mystery","English",NA,NA,"USA",NA,NA
178,"Donnie Darko",2001,113,"Richard Kelly","Richard Kelly",88,8.1,622498,NA,"Newmarket Film Group","Jake Gyllenhaal","Holmes Osborne","Maggie Gyllenhaal","Daveigh Chase",11,15,"Drama","Sci","Fi","English",NA,NA,"USA",NA,NA
179,"Catch Me If You Can",2002,141,"Steven Spielberg","Jeff Nathanson ",76,8.1,592039,164400000,"DreamWorks SKG","Leonardo DiCaprio","Tom Hanks","Christopher Walken","Martin Sheen",13,43,"Biography","Crime","Drama","English","French",NA,"USA","Canada",NA
180,"The Man Who Shot Liberty Valance",1962,123,"John Ford","James Warner Bellah ",NA,8.1,56560,NA,"Paramount Home Video","John Wayne","James Stewart","Vera Miles","Lee Marvin",4,3,"Action","Drama","Western","English",NA,NA,"USA",NA,NA
181,"Laura",1944,88,"Otto Preminger","Vera Caspary ",NA,8.1,33877,NA,"20th Century Fox","Gene Tierney","Dana Andrews","Clifton Webb","Vincent Price",3,4,"Drama","Film","Noir","English",NA,NA,"USA",NA,NA
182,"Monsters, Inc.",2001,92,"Pete Docter, David Silverman, Lee Unkrich","Pete Docter ",78,8.1,639101,34034168,"Buena Vista Distribution Compa","John Goodman","Billy Crystal","Mary Gibbs","Steve Buscemi",14,39,"Animation","Adventure","Comedy","English",NA,NA,"USA",NA,NA
183,"The Bourne Ultimatum",2007,115,"Paul Greengrass","Tony Gilroy ",85,8.1,527907,227400000,"Universal Pictures","Matt Damon","Julia Stiles","David Strathairn","Scott Glenn",29,39,"Action","Mystery","Thriller","English","French","Arabic","USA","Germany",NA
184,"Cat on a Hot Tin Roof",1958,108,"Richard Brooks","Richard Brooks ",NA,8.1,36009,NA,"MGM Home Entertainment","Elizabeth Taylor","Paul Newman","Burl Ives","Jack Carson",2,16,"Drama","Romance",NA,"English",NA,NA,"USA",NA,NA
185,"The Wizard of Oz",1939,102,"Victor Fleming, George Cukor, Mervyn LeRoy, Norman Taurog, King Vidor","Noel Langley ",100,8.1,311697,3840702,"Warner Bros. Pictures","Judy Garland","Frank Morgan","Ray Bolger","Bert Lahr",9,14,"Adventure","Family","Fantasy","English",NA,NA,"USA",NA,NA
186,"Sleuth",1972,138,"Joseph L. Mankiewicz","Anthony Shaffer ",NA,8.1,38576,NA,"20th Century Fox Film Corporation","Laurence Olivier","Michael Caine","Alec Cawthorne","John Matthews",5,11,"Mystery","Thriller",NA,"English","Italian",NA,"UK","USA",NA
187,"Roman Holiday",1953,118,"William Wyler","Ian McLellan Hunter ",76,8.1,107872,NA,"Paramount Pictures","Gregory Peck","Audrey Hepburn","Eddie Albert","Hartley Power",10,15,"Comedy","Romance",NA,"English","Italian","German","USA",NA,NA
188,"Out of the Past",1947,97,"Jacques Tourneur","Daniel Mainwaring ",NA,8.1,24842,NA,"WARNER BROTHERS PICTURES","Robert Mitchum","Jane Greer","Kirk Douglas","Rhonda Fleming",1,0,"Crime","Drama","Film","English","American Sign Language",NA,"USA",NA,NA
189,"Anatomy of a Murder",1959,160,"Otto Preminger","Wendell Mayes ",NA,8.1,48842,NA,"Sony Pictures Home Entertainment","James Stewart","Lee Remick","Ben Gazzara","Arthur O'Connell",9,18,"Crime","Drama","Mystery","English",NA,NA,"USA",NA,NA
190,"Who's Afraid of Virginia Woolf?",1966,131,"Mike Nichols","Ernest Lehman ",NA,8.1,58960,NA,"Warner Home Video","Elizabeth Taylor","Richard Burton","George Segal","Sandy Dennis",22,23,"Drama",NA,NA,"English","Latin","Spanish","USA",NA,NA
191,"The Terminator",1984,107,"James Cameron","James Cameron",83,8,646546,NA,"Orion Pictures Corporation","Arnold Schwarzenegger","Michael Biehn","Linda Hamilton","Paul Winfield",6,6,"Action","Sci","Fi","English","Spanish",NA,"UK","USA",NA
192,"Groundhog Day",1993,101,"Harold Ramis","Danny Rubin ",72,8,474776,NA,"Columbia Pictures","Bill Murray","Andie MacDowell","Chris Elliott","Stephen Tobolowsky",6,10,"Comedy","Fantasy","Romance","English","French","Italian","USA",NA,NA
193,"The Help",2011,146,"Tate Taylor","Tate Taylor ",62,8.1,344326,169705587,"DreamWorks Studios","Emma Stone","Viola Davis","Bryce Dallas Howard","Octavia Spencer",80,116,"Drama",NA,NA,"English",NA,NA,"USA","India","United Arab Emirates"
194,"Strangers on a Train",1951,101,"Alfred Hitchcock","Raymond Chandler ",NA,8,103963,NA,"Warner Home Video","Farley Granger","Ruth Roman","Robert Walker","Leo G. Carroll",2,2,"Crime","Film","Noir","English","French",NA,"USA",NA,NA
195,"The Night of the Hunter",1955,92,"Charles Laughton","James Agee ",99,8,68366,NA,"United Artists","Robert Mitchum","Shelley Winters","Lillian Gish","James Gleason",2,0,"Crime","Drama","Film","English",NA,NA,"USA",NA,NA
196,"All Quiet on the Western Front",1930,136,"Lewis Milestone","Erich Maria Remarque ",NA,8.1,49038,NA,"Universal Pictures","Louis Wolheim","Lew Ayres","John Wray","Arnold Lucy",7,2,"Drama","War",NA,"English","French","German","USA",NA,NA
197,"Beauty and the Beast",1991,84,"Gary Trousdale, Kirk Wise","Linda Woolverton ",95,8,336430,47611331,"Buena Vista","Robby Benson","Jesse Corti","Rex Everhart","Angela Lansbury",26,22,"Animation","Family","Fantasy","English","French",NA,"USA",NA,NA
198,"Lion",2016,118,"Garth Davis","Saroo Brierley ",69,8.1,113296,51694854,"See-Saw Films","Sunny Pawar","Abhishek Bharate","Priyanka Bose","Khushi Solanki",32,76,"Biography","Drama",NA,"English","Hindi","Bengali","UK","Australia","USA"
199,"Twelve Monkeys",1995,129,"Terry Gilliam","Chris Marker ",74,8,492644,NA,"Universal Pictures","Joseph Melito","Bruce Willis","Jon Seda","Michael Chance",9,20,"Mystery","Sci","Fi","English","French",NA,"USA",NA,NA
200,"Guardians of the Galaxy",2014,121,"James Gunn","James Gunn",76,8.1,768444,270592504,"Walt Disney Pictures","Chris Pratt","Zoe Saldana","Dave Bautista","Vin Diesel",50,98,"Action","Adventure","Sci","English",NA,NA,"USA","UK",NA
201,"Dog Day Afternoon",1975,125,"Sidney Lumet","Frank Pierson ",NA,8,194970,NA,"WARNER BROTHERS PICTURES","Penelope Allen","Sully Boyar","John Cazale","Beulah Garrick",14,19,"Biography","Crime","Drama","English",NA,NA,"USA",NA,NA
202,"Jaws",1975,124,"Steven Spielberg","Peter Benchley ",86,8,445407,NA,"Universal Pictures","Roy Scheider","Robert Shaw","Richard Dreyfuss","Lorraine Gary",13,17,"Adventure","Drama","Thriller","English",NA,NA,"USA",NA,NA
203,"Zootopia",2016,108,"Jared Bush, Byron Howard, Rich Moore","Byron Howard ",78,8.1,304299,341264012,"Walt Disney Animation Studios","Ginnifer Goodwin","Jason Bateman","Idris Elba","Jenny Slate",37,58,"Animation","Adventure","Comedy","English",NA,NA,"USA",NA,NA
204,"Guardians of the Galaxy Vol. 2",2017,136,"James Gunn","James Gunn",67,8.1,175272,380236369,"Walt Disney Pictures","Chris Pratt","Zoe Saldana","Dave Bautista","Vin Diesel",0,0,"Action","Adventure","Sci","English",NA,NA,"USA",NA,NA
205,"Pirates of the Caribbean: The Curse of the Black Pearl",2003,143,"Gore Verbinski","Ted Elliott ",63,8,869710,305343252,"Buena Vista Pictures","Johnny Depp","Geoffrey Rush","Orlando Bloom","Keira Knightley",36,101,"Action","Adventure","Fantasy","English",NA,NA,"USA",NA,NA
206,"Before Sunset",2004,80,"Richard Linklater","Richard Linklater ",90,8,179650,5600000,"Warner Independent Pictures","Ethan Hawke","Julie Delpy","Vernon Dobtcheff","Louise Lemoine Torrès",9,30,"Drama","Romance",NA,"English","French",NA,"USA",NA,NA
207,"The Imitation Game",2014,114,"Morten Tyldum","Graham Moore",73,8.1,535118,NA,"The Weinstein Company","Benedict Cumberbatch","Keira Knightley","Matthew Goode","Rory Kinnear",45,150,"Biography","Drama","Thriller","English","German",NA,"UK","USA",NA
208,"Young Frankenstein",1974,106,"Mel Brooks","Gene Wilder ",80,8,121147,NA,"20th Century Fox","Gene Wilder","Peter Boyle","Marty Feldman","Madeline Kahn",11,7,"Comedy",NA,NA,"English","German",NA,"USA",NA,NA
209,"Stalag 17",1953,120,"Billy Wilder","Billy Wilder ",NA,8,44802,NA,"Paramount Home Video","William Holden","Don Taylor","Otto Preminger","Robert Strauss",2,5,"Drama","War",NA,"English","German","Russian","USA",NA,NA
210,"Dogville",2003,178,"Lars von Trier","Lars von Trier",60,8,113851,1498177,"Lions Gate Films","Nicole Kidman","Harriet Andersson","Lauren Bacall","Jean-Marc Barr",20,30,"Crime","Drama",NA,"English",NA,NA,"Netherlands","Denmark","UK"
211,"Dead Poets Society",1989,128,"Peter Weir","Tom Schulman",79,8,295852,NA,"Buena Vista Pictures","Robin Williams","Robert Sean Leonard","Ethan Hawke","Josh Charles",19,19,"Comedy","Drama",NA,"English","Latin",NA,"USA",NA,NA
212,"High Noon",1952,85,"Fred Zinnemann","Carl Foreman ",89,8,83393,NA,"United Artists","Gary Cooper","Thomas Mitchell","Lloyd Bridges","Katy Jurado",17,10,"Drama","Thriller","Western","English","Spanish",NA,"USA",NA,NA
213,"Papillon",1973,151,"Franklin J. Schaffner","Dalton Trumbo ",NA,8,101553,NA,"Twentieth Century Fox Home Entertainment","Steve McQueen","Dustin Hoffman","Victor Jory","Don Gordon",2,2,"Biography","Crime","Drama","English","Spanish",NA,"France","USA",NA
214,"A Streetcar Named Desire",1951,122,"Elia Kazan","Tennessee Williams ",NA,8,82622,NA,"Warner Bros. Pictures","Vivien Leigh","Marlon Brando","Kim Hunter","Karl Malden",17,15,"Drama",NA,NA,"English","Spanish",NA,"USA",NA,NA
215,"Arsenic and Old Lace",1944,118,"Frank Capra","Julius J. Epstein ",NA,8,56783,NA,"Warner Bros. Pictures","Cary Grant","Priscilla Lane","Raymond Massey","Jack Carson",0,1,"Comedy","Crime","Thriller","English","German",NA,"USA",NA,NA
216,"Sin City",2005,124,"Frank Miller, Robert Rodriguez, Quentin Tarantino","Frank Miller ",74,8,685825,NA,"Dimension Films","Jessica Alba","Devon Aoki","Alexis Bledel","Powers Boothe",33,51,"Crime","Thriller",NA,"English",NA,NA,"USA",NA,NA
217,"The Hustler",1961,134,"Robert Rossen","Sidney Carroll ",NA,8,65649,NA,"Fox","Paul Newman","Jackie Gleason","Piper Laurie","George C. Scott",13,20,"Drama","Sport",NA,"English",NA,NA,"USA",NA,NA
218,"A Night at the Opera",1935,96,"Sam Wood, Edmund Goulding","George S. Kaufman ",NA,8.1,26025,NA,"MGM","Groucho Marx","Chico Marx","Harpo Marx","Kitty Carlisle",1,0,"Comedy","Music","Musical","English","Italian",NA,"USA",NA,NA
219,"The Killing",1956,85,"Stanley Kubrick","Stanley Kubrick ",NA,8,65940,NA,"United Artists","Sterling Hayden","Coleen Gray","Vince Edwards","Jay C. Flippen",0,0,"Crime","Drama","Film","English",NA,NA,"USA",NA,NA
220,"The Avengers",2012,143,"Joss Whedon","Joss Whedon ",69,8.1,1051143,623279547,"Walt Disney Pictures","Robert Downey Jr.","Chris Evans","Mark Ruffalo","Chris Hemsworth",37,80,"Action","Sci","Fi","English","Russian","Hindi","USA",NA,NA
221,"Notorious",1946,101,"Alfred Hitchcock","Ben Hecht",NA,8,77339,NA,"RKO Radio Pictures","Cary Grant","Ingrid Bergman","Claude Rains","Louis Calhern",3,3,"Drama","Film","Noir","English","French","Portuguese","USA",NA,NA
222,"Harvey",1950,104,"Henry Koster","Mary Chase ",NA,8,46446,NA,"MCA Universal Home Video","Wallace Ford","William H. Lynn","Victoria Horne","Jesse White",2,4,"Comedy","Drama","Fantasy","English","Spanish","Latin","USA",NA,NA
223,"The Martian",2015,144,"Ridley Scott","Drew Goddard ",80,8,560864,202313768,"20th Century Fox","Matt Damon","Jessica Chastain","Kristen Wiig","Jeff Daniels",34,187,"Adventure","Drama","Sci","English","Mandarin",NA,"USA","UK",NA
224,"The Exorcist",1973,122,"William Friedkin","William Peter Blatty ",82,8,299364,NA,"Warner Bros. Pictures","Ellen Burstyn","Max von Sydow","Lee J. Cobb","Kitty Winn",16,15,"Horror",NA,NA,"English","Latin","Greek","USA",NA,NA
225,"Rio Bravo",1959,141,"Howard Hawks","Jules Furthman ",NA,8,45629,NA,"Xenon","John Wayne","Dean Martin","Ricky Nelson","Angie Dickinson",2,4,"Action","Drama","Western","English","Spanish",NA,"USA",NA,NA
226,"The Philadelphia Story",1940,112,"George Cukor","Donald Ogden Stewart ",NA,8,52602,NA,"MGM","Cary Grant","Katharine Hepburn","James Stewart","Ruth Hussey",5,5,"Comedy","Romance",NA,"English","French",NA,"USA",NA,NA
227,"Rope",1948,80,"Alfred Hitchcock","Hume Cronyn ",NA,8,102340,NA,"Warner Bros. Pictures","John Dall","Farley Granger","Edith Evanson","Douglas Dick",0,3,"Crime","Drama","Thriller","English",NA,NA,"USA",NA,NA
228,"The Big Sleep",1946,114,"Howard Hawks","William Faulkner ",NA,8,67315,NA,"Warner Bros. Pictures","Humphrey Bogart","Lauren Bacall","John Ridgely","Martha Vickers",2,0,"Crime","Film","Noir","English",NA,NA,"USA",NA,NA
229,"Pink Floyd: The Wall",1982,95,"Alan Parker","Roger Waters ",NA,8,63190,NA,"United Artists","Bob Geldof","Christine Hargreaves","James Laurenson","Eleanor David",3,1,"Animation","Drama","Fantasy","English",NA,NA,"UK",NA,NA
230,"The King's Speech",2010,118,"Tom Hooper","David Seidler ",88,8,537662,138300000,"The Weinstein Company","Colin Firth","Helena Bonham Carter","Derek Jacobi","Robert Portal",107,194,"Biography","Drama",NA,"English",NA,NA,"UK","USA","Australia"
231,"A Christmas Story",1983,94,"Bob Clark","Jean Shepherd ",77,8,110893,NA,"MGM","Melinda Dillon","Darren McGavin","Peter Billingsley","Scott Schwartz",3,11,"Comedy","Family",NA,"English",NA,NA,"USA","Canada",NA
232,"The Graduate",1967,106,"Mike Nichols","Calder Willingham ",77,8,220459,NA,"Embassy Pictures/Rialto Pictures","Anne Bancroft","Dustin Hoffman","Katharine Ross","William Daniels",21,16,"Comedy","Drama",NA,"English",NA,NA,"USA",NA,NA
233,"JFK",1991,189,"Oliver Stone","Oliver Stone ",72,8,120061,NA,"Warner Bros.","Sally Kirkland","Anthony Ramirez","Ray LePere","Steve Reed",19,25,"Drama","History","Thriller","English","Spanish",NA,"France","USA",NA
234,"Sling Blade",1996,135,"Billy Bob Thornton","Billy Bob Thornton ",84,8,75931,NA,"Miramax Films","Billy Bob Thornton","Dwight Yoakam","J.T. Walsh","John Ritter",14,15,"Drama",NA,NA,"English",NA,NA,"USA",NA,NA
235,"Blood Diamond",2006,143,"Edward Zwick","Charles Leavitt ",64,8,424781,57300000,"Warner Bros. Pictures","Leonardo DiCaprio","Djimon Hounsou","Jennifer Connelly","Kagiso Kuypers",8,31,"Adventure","Drama","Thriller","English","Mende","Afrikaans","Germany","USA",NA
236,"Magnolia",1999,188,"Paul Thomas Anderson","Paul Thomas Anderson",77,8,251286,NA,"New Line Cinema","Pat Healy","Genevieve Zweig","Mark Flanagan","Neil Flynn",28,54,"Drama",NA,NA,"English","German","French","USA",NA,NA
237,"Rain Man",1988,133,"Barry Levinson","Barry Morrow ",65,8,403104,NA,"MGM","Dustin Hoffman","Tom Cruise","Valeria Golino","Gerald R. Molen",26,22,"Drama",NA,NA,"English","Italian",NA,"USA",NA,NA
238,"The Revenant",2015,156,"Alejandro González Iñárritu","Mark L. Smith ",76,8,504647,NA,"20th Century Fox","Leonardo DiCaprio","Tom Hardy","Domhnall Gleeson","Will Poulter",85,177,"Adventure","Drama","Thriller","English","Pawnee","French","Hong Kong","Taiwan","USA"
239,"The Nightmare Before Christmas",1993,76,"Henry Selick","Tim Burton ",NA,8,238561,8616662,"Touchstone Pictures","Danny Elfman","Chris Sarandon","Catherine O'Hara","William Hickey",7,8,"Animation","Family","Fantasy","English",NA,NA,"USA",NA,NA
240,"The Manchurian Candidate",1962,126,"John Frankenheimer","Richard Condon ",94,8,63422,NA,"MGM/UA Classics","Frank Sinatra","Laurence Harvey","Janet Leigh","Angela Lansbury",5,8,"Drama","Thriller",NA,"English",NA,NA,"USA",NA,NA
241,"Deadpool",2016,108,"Tim Miller","Rhett Reese",65,8,644281,328674489,"20th Century Fox","Ryan Reynolds","Karan Soni","Ed Skrein","Michael Benyaer",23,65,"Action","Adventure","Comedy","English",NA,NA,"USA",NA,NA
242,"The Wild Bunch",1969,135,"Sam Peckinpah","Walon Green ",NA,8,65987,NA,"Warner Bros. Pictures","William Holden","Ernest Borgnine","Robert Ryan","Edmond O'Brien",5,6,"Action","Adventure","Western","English","Spanish","German","USA",NA,NA
243,"Aladdin",1992,90,"Ron Clements, John Musker","Ron Clements ",NA,8,281651,NA,"Buena Vista Distribution Compa","Scott Weinger","Robin Williams","Linda Larkin","Jonathan Freeman",27,18,"Animation","Adventure","Comedy","English",NA,NA,"USA",NA,NA
244,"Big Fish",2003,125,"Tim Burton","Daniel Wallace ",58,8,364938,66257002,"Sony Pictures","Ewan McGregor","Albert Finney","Billy Crudup","Jessica Lange",1,69,"Adventure","Drama","Fantasy","English","Cantonese",NA,"USA",NA,NA
245,"Patton",1970,172,"Franklin J. Schaffner","Francis Ford Coppola ",91,8,80730,NA,"Twentieth Century Fox Home Entertainment","George C. Scott","Karl Malden","Stephen Young","Michael Strong",24,8,"Biography","Drama","War","English","German","French","USA",NA,NA
246,"The Lost Weekend",1945,101,"Billy Wilder","Charles R. Jackson ",NA,8,26834,NA,"Paramount Pictures","Ray Milland","Jane Wyman","Phillip Terry","Howard Da Silva",16,3,"Drama","Film","Noir","English",NA,NA,"USA",NA,NA
247,"Short Term 12",2013,96,"Destin Daniel Cretton","Destin Daniel Cretton",82,8,62348,NA,"Cinedigm","Brie Larson","John Gallagher Jr.","Stephanie Beatriz","Rami Malek",35,70,"Drama",NA,NA,"English",NA,NA,"USA",NA,NA
248,"His Girl Friday",1940,92,"Howard Hawks","Charles Lederer ",NA,8,43551,NA,"Columbia Pictures","Cary Grant","Rosalind Russell","Ralph Bellamy","Gene Lockhart",2,0,"Comedy","Drama","Romance","English","French",NA,"USA",NA,NA
249,"The Straight Story",1999,112,"David Lynch","John Roach",86,8,67045,NA,"Buena Vista Pictures","Sissy Spacek","Jane Galloway Heitz","Joseph A. Carpenter","Donald Wiegert",14,38,"Biography","Drama",NA,"English",NA,NA,"France","UK","USA"
250,"Slumdog Millionaire",2008,120,"Danny Boyle, Loveleen Tandan","Simon Beaufoy ",86,8,679975,141243551,"Fox Searchlight Pictures","Dev Patel","Saurabh Shukla","Anil Kapoor","Raj Zutshi",152,126,"Drama",NA,NA,"English","Hindi","French","UK","France","USA"
